review_type,item_code,asset_code,name,model,detail
variantes_en_grupo,EQ-0001,,ALCANCES DE MEDICION.2 DE CADA UNA.VARIAS CARACTERISTICAS.,S/M,2 nombres; 1 modelos; revisar si deben separarse
variantes_en_grupo,EQ-0092,,BOBINA PARA PRUEBA PARA EL FLUXOMETRO-TYPE 1,92288,1 nombres; 2 modelos; revisar si deben separarse
variantes_en_grupo,EQ-0095,,BIENES SUJETOS A CONTROL/CASCO/CASCO DE PROTECCION DE PLASTICO COLOR BLANCO NORTH,102039,1 nombres; 3 modelos; revisar si deben separarse
variantes_en_grupo,EQ-0104,,SUPRESOR DE PICOS MARCA NIPPON AMERICA MODELO 14-514 DE 6 TOMAS,14-514,1 nombres; 2 modelos; revisar si deben separarse
variantes_en_grupo,EQ-0156,,BIENES SUJETOS A CONTROL/MOTORES/MOTOR TRIFASICO/MOTOR TRIFASICO MODELO DE AUTO TRANSFORMADOR DE ARRANQUE 208V 60HZ.28-665,92232,1 nombres; 2 modelos; revisar si deben separarse
variantes_en_grupo,EQ-0175,,BIENES SUJETOS A CONTROL/PANTALLA PARA PROYECTOR/PANTALLA DE PROYECCION DE 180CM X 180CM,92437,1 nombres; 2 modelos; revisar si deben separarse
variantes_en_grupo,EQ-0177,,BIENES SUJETOS A CONTROL/PAPELERA/MADERA/PAPELERA DE CEDRO DE 2 BANDEJAS DE:29X37X35 CM.DE ALTO COLOR CAFE CLARO,376998,1 nombres; 2 modelos; revisar si deben separarse
variantes_en_grupo,EQ-0186,,BASES DE RESISTENCIA 06143.00,451701,1 nombres; 19 modelos; revisar si deben separarse
variantes_en_grupo,EQ-0188,,BIENES SUJETOS A CONTROL/PIZARRA/PIZARRON PORCELANIZADO PARA TIZA LIQUIDA DE:122X244 CM.,296146,1 nombres; 4 modelos; revisar si deben separarse
variantes_en_grupo,EQ-0190,,PORTA CPU METALICO COLOR PLOMO CON GARRUCHAS,306429,1 nombres; 2 modelos; revisar si deben separarse
variantes_en_grupo,EQ-0195,,SILLA APILABLE MODELO MILANO SIN BRAZOS ESTRUCTURA DE TUBO REDONDO ASIENTO Y ESPALDAR TAPIZADO EN YUTE LACRE,93005,1 nombres; 28 modelos; revisar si deben separarse
variantes_en_grupo,EQ-0196,,SILLA ESTRUCTURA METALICA SIN BRAZOS ESPALDAR PLASTICO Y ASIENTO TAPIZADO EN DAMASCO AZUL,272332,1 nombres; 18 modelos; revisar si deben separarse
variantes_en_grupo,EQ-0197,,SILLA MILANO SIN BRAZOS ESTRUCTURA DE TUBO REDONDO ASIENTO Y ESPALDAR TAPIZADO EN YUTE LACRE,102174,1 nombres; 4 modelos; revisar si deben separarse
variantes_en_grupo,EQ-0198,,SILLA SATURNO CON BRAZOS ESTRUCTURA DE TUBO REDONDO ASIENTO Y ESPALDAR TAPIZADO EN YUTE LACRE,102175,1 nombres; 2 modelos; revisar si deben separarse
variantes_en_grupo,EQ-0202,,TABURETE ESTRUCTURA METALICA COLOR GRIS ASIENTO TAPIZADO EN CUERINA NEGRA DE: 65 CM DE ALTO,306646,1 nombres; 12 modelos; revisar si deben separarse
variantes_en_grupo,EQ-0208,,TECLADO HP,TECLADO ALFANUMERICO,1 nombres; 2 modelos; revisar si deben separarse
variantes_en_grupo,EQ-0277,,MODULO TRANSFORMADOR NO 28-275,28-276,1 nombres; 2 modelos; revisar si deben separarse
variantes_en_grupo,EQ-0278,,MODULO TRANSFORMADOR NO 28-276,S/M,1 nombres; 2 modelos; revisar si deben separarse
variantes_en_grupo,EQ-0289,,"MONITOR HP 18.5"" LED LV1911","MONITOR 18.5"" LED",1 nombres; 2 modelos; revisar si deben separarse
variantes_en_grupo,EQ-0318,,BANCO DE PRUEBAS PARA ALTERNADORES Y MOTORES DC DL 2011 Y,DL2011,1 nombres; 2 modelos; revisar si deben separarse
variantes_en_grupo,EQ-0340,,EQUIPOS DE LABORATORIO; CIENCIA; OBSERVACION Y COMPROBACION/AMPERIMETRO/INSTRUMENTO DE MEDIDA A BOBINA MOVIL-GOSEEN P244,P244,1 nombres; 2 modelos; revisar si deben separarse
variantes_en_grupo,EQ-0352,,BANCO PARA LABORATORIO DE MEDIDAS ELECTRICAS-CON LOS SIGUIENTES ELEM:5 FUENTES DE CORRIENTE:ALTERNA TRIFASICA FIJA-VARIABLE POR FASES-ALTERNA MONOFASICA FIJA-ALTERNA MONOFASICA VARIABLE-CONTINUA VARIABLE Y UNA MESA DE TRABAJO CON DOS BANCOS,98912,1 nombres; 2 modelos; revisar si deben separarse
variantes_en_grupo,EQ-0354,,BASAMENTO UNIVERSAL,BASAMENTO UNIVERSAL DL10400,1 nombres; 2 modelos; revisar si deben separarse
variantes_en_grupo,EQ-0358,,CONTROL DE VELOCIDAD DE LOS MOTORES C.A.,CONTROL DE VELOCIDAD DE LOS MOTORES C.A. DL3309,1 nombres; 2 modelos; revisar si deben separarse
variantes_en_grupo,EQ-0362,,ELECTRODOS ESFERAS 0 250 MM.,102119,1 nombres; 3 modelos; revisar si deben separarse
variantes_en_grupo,EQ-0385,,KIT SINAMICS- COMPUESTO 3UNIDADES CONTROL CU2405- 2MODULOS POTENCIA G120- 2FILTROS MOD 4MV- 2BOBINAS CHOQUE- 1MODULO FSA- 1MODULO OPERADOR G110/G120- 2MEMORIAS ALMACENAMIENTO PARAMETROS- 2 KIT CONEXION INVERSOR- 2SOFTW. MAN- 3 SOFTW. CONFIG,304033,1 nombres; 2 modelos; revisar si deben separarse
variantes_en_grupo,EQ-0391,,MEDIDOR MODULO CA NO.28-284,92257,1 nombres; 3 modelos; revisar si deben separarse
variantes_en_grupo,EQ-0401,,MODULO DE ALIMENTACION EN CC,MODULO DE ALIMENTACION EN CC DL2555ALE,1 nombres; 2 modelos; revisar si deben separarse
variantes_en_grupo,EQ-0425,,PROTOBOARTH GL48 CON 4 PUNTAS,446373,1 nombres; 5 modelos; revisar si deben separarse
variantes_en_grupo,EQ-0426,,PUPITRE DE MANDO TRANSPORTABLES PHYWE 07422093-220-221-222,98918,1 nombres; 3 modelos; revisar si deben separarse
variantes_en_grupo,EQ-0428,,REDUCTORES DE PRESION-2 MANOMETROS (PRINCIPIOS/USO EN CILINDRO),2--89,1 nombres; 2 modelos; revisar si deben separarse
variantes_en_grupo,EQ-0453,,CONTACTOR 6A-220V.CON BOBINA DE 120V.3 CONTACTORES NA Y 3NC-CON CAJA METALICA DE:12X10X14 CM.18 BORNES CONEXION EXTERNA.,92455,1 nombres; 4 modelos; revisar si deben separarse
variantes_en_grupo,EQ-0458,,MODULO CONTACTOR DC-C/W5NC Y MC-CONTACTOS DE 120V.DC-28-631,92225,1 nombres; 2 modelos; revisar si deben separarse
variantes_en_grupo,EQ-0459,,MODULO CONTACTOR MAGNETICO AC-120V-ACC/W4N0Y4 NC CONTACTORES,92228,1 nombres; 2 modelos; revisar si deben separarse
variantes_en_grupo,EQ-0460,,MODULO CRONOGRAFO RECICULAR 120 AC C/W NO-NC-CONTACTOS 28-664,92231,1 nombres; 2 modelos; revisar si deben separarse
variantes_en_grupo,EQ-0461,,MODULO DE MOTOR DE ARRANQUE POR CAPACITOR.NO.28-130,92236,1 nombres; 2 modelos; revisar si deben separarse
variantes_en_grupo,EQ-0463,,MODULO DE MOTOR DE FASE PARTIDA PERMANENTE N.28-135,92237,1 nombres; 2 modelos; revisar si deben separarse
variantes_en_grupo,EQ-0464,,MODULO DE MOTOR DEVANADO-DE ARDILLA 28-105,92234,1 nombres; 2 modelos; revisar si deben separarse
variantes_en_grupo,EQ-0465,,MODULO DE MOTOR UNIVERSAL N.28-140,92238,1 nombres; 2 modelos; revisar si deben separarse
variantes_en_grupo,EQ-0466,,MODULO DE RELE DE FALLA DE CAMPO DE DERIVACION 28-633,92227,1 nombres; 2 modelos; revisar si deben separarse
variantes_en_grupo,EQ-0467,,MODULO DE SOBRECARGA AC/DC 28-613,92221,1 nombres; 2 modelos; revisar si deben separarse
variantes_en_grupo,EQ-0468,,MODULO DE SWITCHE DE PALANCA SELECTORA C/W.2 SWITCHE SELECTORES Y 2 PALANCAS DE SWITCHE 120V.AC/DC 28-602,92219,1 nombres; 2 modelos; revisar si deben separarse
variantes_en_grupo,EQ-0469,,MODULO DE TIEMPO DEFINIDO DE RELE RETARDADOR C/W.2 RELES DE TIEMPOS RETARDADOR 120V.-AC/DC 28-619,92222,1 nombres; 2 modelos; revisar si deben separarse
variantes_en_grupo,EQ-0470,,MODULO FRENO PRONY DE LA CORRIENTE EDDY.NO.28-205,92242,1 nombres; 2 modelos; revisar si deben separarse
variantes_en_grupo,EQ-0471,,MODULO MOTOR DE ROTOR DEVANADO 28-110,92276,1 nombres; 2 modelos; revisar si deben separarse
variantes_en_grupo,EQ-0473,,MODULO RELE AC C/W RELE-DMDT 120V AC 28-662,92229,1 nombres; 2 modelos; revisar si deben separarse
variantes_en_grupo,EQ-0474,,MODULO RELE CEMF.120V-CONTACTO DC.28-632,92226,1 nombres; 2 modelos; revisar si deben separarse
variantes_en_grupo,EQ-0475,,MODULO RELE DC C/W 2 DPDT RELES 120 V-DC 28-630,92224,1 nombres; 2 modelos; revisar si deben separarse
variantes_en_grupo,EQ-0477,,MODULO RELE DE TIEMPO AJUSTABLE C/W CONTACTOR DPDT.BOBINA 28-663,92230,1 nombres; 2 modelos; revisar si deben separarse
variantes_en_grupo,EQ-0478,,MODULOS OTOR ALTERNADOR SINCRONICOS.28-102,92275,1 nombres; 2 modelos; revisar si deben separarse
variantes_en_grupo,EQ-0479,,MOTOR GENERADOR DE CD.N.28-150,92239,1 nombres; 2 modelos; revisar si deben separarse
variantes_en_grupo,EQ-0482,,TAMBOR DE MODULO CONTROLADOR 28-620,92223,1 nombres; 2 modelos; revisar si deben separarse
variantes_en_grupo,EQ-0511,,INSTRUMENTO PARA MEDIR CON LUZ-LA CORRIENTE Y LA TENSION NORMA,98924,1 nombres; 2 modelos; revisar si deben separarse
variantes_en_grupo,EQ-0581,,TABLERO DE CONTROL INDUSTRIAL SIEMENS PARA LOGO 230RCE,SIN/MODELO,1 nombres; 2 modelos; revisar si deben separarse
variantes_en_grupo,EQ-0593,,MEDIDOR DE RESISTENCIA DE TIERRA-NOS.DQ68 Y DQ69-TIPO MTA2,102144,1 nombres; 2 modelos; revisar si deben separarse
variantes_en_grupo,EQ-0625,,ESTANTE MELAMINICO 3 ESPACIOS CON PUERTA EN LA PARTE INFERIOR DE: 198CM X 90CM X 40CM,102179,1 nombres; 3 modelos; revisar si deben separarse
variantes_en_grupo,EQ-0630,,MESAS ESPECIALES PARA COMPUTADORA TABLERO FORMICADO COLOR GRIS CON 2 TABLEROS PARA TECLADO 2 BASES DE C.P.U. 3 PASACABLES DE 230 CM X 60CM X 74CM,93004,1 nombres; 9 modelos; revisar si deben separarse
variantes_en_grupo,EQ-0642,,SILLA ARMAZON METALICO ASIENTO Y ESPALDAR DE MADERA COROSIL NEGRO,446590,1 nombres; 5 modelos; revisar si deben separarse
variantes_en_grupo,EQ-0643,,SILLA DE CONFERENCIA ALTA REF.S 313,377307,1 nombres; 2 modelos; revisar si deben separarse
variantes_en_grupo,EQ-0644,,SILLA ESTRUCTURA DE HIERRO TABLERO Y ASIENTO FORRADO CON COROSIL,377333,1 nombres; 2 modelos; revisar si deben separarse
variantes_en_grupo,EQ-0645,,SILLA ESTRUCTURA DE TUBO CUADRADO ASIENTO Y ESPALDAR FORRADO CON COROSIL COLOR NEGRO,262102,1 nombres; 2 modelos; revisar si deben separarse
variantes_en_grupo,EQ-0648,,VITRINA ESTRUCTURA DE CEDRO Y DIVISIONES DE PLYWOOD DE 15 MM.DE:109.5X34.6X201 CM.SEIS ESPACIOS UNA PUERTA DOBLE HOJA CON VIDRIO EN LA PARTE SUPERIOR UNA PUERTA DE MADERA DOBLE HIJA EN LA PARTE BAJA,92609,1 nombres; 3 modelos; revisar si deben separarse
variantes_en_grupo,EQ-0655,,TABURETE ARMAZON DE HIERRO,92840,1 nombres; 4 modelos; revisar si deben separarse
variantes_en_grupo,EQ-0656,,TABURETE DE HIERRO,92272,1 nombres; 14 modelos; revisar si deben separarse
variantes_en_grupo,EQ-0657,,TABURETE GIRATORIO ESTRUCTURA DE TUBO CUADRADO CON PERNO 60 CM.DE ALTO,102043,1 nombres; 2 modelos; revisar si deben separarse
variantes_en_grupo,EQ-0658,,TABURETE ESTRUCTURA DE TUBO CUADRADO DE 1 ASIENTO DE MADERA DE 32 CM.DE DIAMETRO 61 CM.DE ALTO,102042,1 nombres; 6 modelos; revisar si deben separarse
variantes_en_grupo,EQ-0659,,TABURETES ESTRUCTURA DE TUBO REDONDO GALVANIZADO DE 1/2 CONASIENTO DE CEDRO DE 25.5 CM DE DIAMETRO Y 66 CM DE ALT0,92841,1 nombres; 12 modelos; revisar si deben separarse
categoria_pendiente,EQ-0668,,TELEFONO CISCO MODELO 6921,CP-6921,pendiente
categoria_pendiente,EQ-0669,,SILLA SIN BRAZOS TAPIZADA EN CUERINA NEGRA,S/M,pendiente
categoria_pendiente,EQ-0670,,MESA INTELIGENTE CON SET SOCKETS DE CONSOLA DE ADMINISTRACION DE EQUIPOS DE COMUNICACIONES DIMENSIONES 2.10M X 60CM X 75CM,S/M,pendiente
categoria_pendiente,EQ-0672,,SILLA ESTRUCTURA DE TUBO CUADRADO ASIENTO Y ESPALDAR FORRADO CON TAPIZ NEGRO,80789,pendiente
categoria_pendiente,EQ-0673,,SILLA GIRATORIA ACTIVA ESTRUCTURA METALICA Y PLASTICA ASIENTO Y ESPALDAR TAPIZADO EN YUTE VERDE 5 RUEDAS GARRUCHAS,82586,pendiente
categoria_pendiente,EQ-0677,,SILLA ESTRUCTURA DE TUBO CUADRADO DE 1 ASIENTO Y ESPALDAR FORRADO CON COROSIL NEGRO,80680,pendiente
categoria_pendiente,EQ-0678,,SILLA SIN CODERAS ASIENTO Y ESPALDAR TAPIZADOS EN DAMASCO AZUL CON PORTA LIBROS EN LA PARTE INFERIOR,284265,pendiente
categoria_pendiente,EQ-0679,,SILLA APILABLE ESTRUCTURA METALICA CON CODERAS ASIENTO Y ESPALDAR TAPIZADOS EN DAMASCO COLOR VERDE,286806,pendiente
categoria_pendiente,EQ-0680,,SILLA ESTRUCTURA DE TUBO CUADRADO ASIENTO Y ESPALDAR FORRADO CON TAPIZ NEGRO,376202,pendiente
categoria_pendiente,EQ-0681,,SILLA ESTRUCTURA DE TUBO CUADRADO ASIENTO Y ESPALDAR FORRADO CON TAPIZ NEGRO,376204,pendiente
categoria_pendiente,EQ-0682,,SILLA ESTRUCTURA DE TUBO CUADRADO ASIENTO Y ESPALDAR FORRADO CON TAPIZ NEGRO,376228,pendiente
categoria_pendiente,EQ-0683,,SILLA ALTA RECLINABLE EJECUTIVA CON BRAZOSBASE DE CINCO PUNTAS CON GARRUCHAS SISTEMA A GAS PARA REGULACION DE ALTURA ASIENTO Y ESPALDAR TAPIZADO EN CUERINA NEGRA 11,462678,pendiente
categoria_pendiente,EQ-0684,,UPS 550VA MARCA APC MODELO BE550G LM SERIE NO 4B1217P40957,BE550G-LM,pendiente
categoria_pendiente,EQ-0705,,SILLA ESTRUCTURA METALICA GRIS ASIENTO Y ESPALDAR TAPIZADOS EN TELA AZUL,306611,pendiente
categoria_pendiente,EQ-0706,,SILLA ESTRUCTURA METALICA GRIS ASIENTO Y ESPALDAR TAPIZADOS EN TELA AZUL,306636,pendiente
categoria_pendiente,EQ-0707,,SILLA ESTRUCTURA METALICA GRIS ASIENTO Y ESPALDAR TAPIZADOS EN TELA AZUL,306637,pendiente
categoria_pendiente,EQ-0708,,MODULO RECTANGULAR CON PEDESTALES METALICOS TUBULARES CON REGULADORES DE PISO DE: 70 CM X 50 CM X 72 CM DE ALTO,306774,pendiente
categoria_pendiente,EQ-0709,,MODULO RECTANGULAR CON PEDESTALES METALICOS TUBULARES CON REGULADORES DE PISO DE: 70 CM X 50 CM X 72 CM DE ALTO,306779,pendiente
categoria_pendiente,EQ-0710,,MODULO RECTANGULAR CON PEDESTALES METALICOS TUBULARES CON REGULADORES DE PISO DE: 70 CM X 50 CM X 72 CM DE ALTO,306782,pendiente
categoria_pendiente,EQ-0711,,MODULO RECTANGULAR CON PEDESTALES METALICOS TUBULARES CON REGULADORES DE PISO DE: 70 CM X 50 CM X 72 CM DE ALTO,306783,pendiente
categoria_pendiente,EQ-0712,,SILLA ESTRUCTURA DE TUBO CUADRADO DE 1 CON ASIENTO Y ESPALDAR DE MADERA CONTRACHAPADA DE 15MM.TAPIZADO CON EXPANDIBLE NEGRO,376152,pendiente
categoria_pendiente,EQ-0713,,SILLA ESTRUCTURA DE TUBO CUADRADO DE 1 CON ASIENTO Y ESPALDAR DE MADERA CONTRACHAPADA DE 15MM.TAPIZADO CON EXPANDIBLE NEGRO,376154,pendiente
categoria_pendiente,EQ-0714,,MESA ESTRUCTURA METALICA TABLERO DE FORMICA DE:120X60 CM.,283337,pendiente
categoria_pendiente,EQ-0715,,MESA ESTRUCTURA METALICA TABLERO DE FORMICA DE:120X60 CM.,283338,pendiente
categoria_pendiente,EQ-0716,,MESA ESTRUCTURA METALICA TABLERO DE FORMICA DE:120X60 CM.,283343,pendiente
categoria_pendiente,EQ-0717,,MESA ESTRUCTURA METALICA TABLERO DE FORMICA DE:120X60 CM.,283352,pendiente
categoria_pendiente,EQ-0718,,MESA ESTRUCTURA METALICA TABLERO DE FORMICA DE:120X60 CM.,283358,pendiente
categoria_pendiente,EQ-0719,,MESA ESTRUCTURA METALICA TABLERO DE FORMICA DE:120X60 CM.,283359,pendiente
categoria_pendiente,EQ-0723,,MODULO DE EXPANSION 2 ENTRADAS ANALOGICAS MARCA SIEMENS SERIE SZVT7ML000339,S/M,pendiente
categoria_pendiente,EQ-0724,,MODULO DE EXPANSION DIGITAL 2 ENTRADAS ANALOGICAS MARCA SIEMENS SERIE C-R7,S/M,pendiente
categoria_pendiente,EQ-0725,,MODULO AM2 MARCA SIEMENS SERIE C-R4A76196,S/M,pendiente
categoria_pendiente,EQ-0727,,COMPUTADOR PORTATIL LENOVO THINKPAD L430 PROCESADOR INTEL CORE I5-3210M (2 50 GHZ) 4GB DE MEMORIA RAM DDR3 INCLUYE MALETIN CANDADO Y MOUSE MARCA KLIP,THINKPAD L430,pendiente
categoria_pendiente,EQ-0728,,FUENTE DE PODER MARCA QUAD POWER MODELO XP-581 N DE SERIE 222442,XP-581,pendiente
categoria_pendiente,EQ-0729,,"PINZA AMPERIMETRICA MARCA AARON, MODELO 3266TD",3266TD,pendiente
categoria_pendiente,EQ-0730,,FUENTE DE PODER SIEMENS-MODELO:6EP3332-6SB00-0AY0,6EP3332-6SB00-0AY0,pendiente
categoria_pendiente,EQ-0731,,PROYECTOR MULTIMEDIA DE DISTANCIA ULTRA CORTA CON SOPORTE DE PARED MARCA OPTOMA MODELO W330UST SERIEQ7C6948WAAAAB0001,W330UST,pendiente
categoria_pendiente,EQ-0732,,PROYECTOR MULTIMEDIA DE DISTANCIA ULTRA CORTA CON SOPORTE DE PARED MARCA OPTOMA MODELO W330UST SERIEQ7C6948WAAAAB0121,W330UST,pendiente
categoria_pendiente,EQ-0733,,PROYECTOR MULTIMEDIA DE DISTANCIA ULTRA CORTA CON SOPORTE DE PARED MARCA OPTOMA MODELO W330UST SERIEQ7C6948WAAAAB0302,W330UST,pendiente
categoria_pendiente,EQ-0734,,PROYECTOR MULTIMEDIA DE DISTANCIA ULTRA CORTA CON SOPORTE DE PARED MARCA OPTOMA MODELO W330UST SERIEQ7C6948WAAAAB0123,W330UST,pendiente
categoria_pendiente,EQ-0735,,PROYECTOR MULTIMEDIA DE DISTANCIA ULTRA CORTA CON SOPORTE DE PARED MARCA OPTOMA MODELO W330UST SERIEQ7C6948WAAAAB0022,W330UST,pendiente
categoria_pendiente,EQ-0736,,PROYECTOR MULTIMEDIA DE DISTANCIA ULTRA CORTA CON SOPORTE DE PARED MARCA OPTOMA MODELO W330UST SERIEQ7C6948WAAAAB0134,W330UST,pendiente
categoria_pendiente,EQ-0737,,PROYECTOR MULTIMEDIA DE DISTANCIA ULTRA CORTA CON SOPORTE DE PARED MARCA OPTOMA MODELO W330UST SERIEQ7C6948WAAAAB0042,W330UST,pendiente
categoria_pendiente,EQ-0740,,LAPTOP CON PROCESADOR CORE I7 1.8 GHZ MEMORIA 8GB DISCO SSD 512GB PANTALLA 14 INCLUYE MOCHILA MOUSE CANDADO ADAPTADOR HDMI A VGA,PROBOOK 440 G6,pendiente
categoria_pendiente,EQ-0741,,GENERADOR DE OZONO WSTA-MODELO:X002810JH9,X002810JH9,pendiente
categoria_pendiente,EQ-0742,,"REBAJADORA CNC ROUTER(FRESADO, GRABADO) WEGSRT-MODELO:2021-SERIE:163134",2021,pendiente
categoria_pendiente,EQ-0743,,EQUIPO SOLDADOR(ESTACIÓN DE SOLDADURA DE COMPONENTES ELECTRÓNICOS)YIHUA-MODELO: 948-II- SERIE: 4YHAI12489.,948-II,pendiente
categoria_pendiente,EQ-0744,,IMPRESORA 3D DE GRAN FORMATO CREALITY-MODELO:CR-10 MAX- SERIE: S0000000000000142421001010300,CR-10 MAX,pendiente
variantes_en_grupo,EQ-0745,,KIT ENGINEER REV2 ARDUINO-MODELO:REV2-INCLUYE: UN NANO 33 LOT-UN NANO AUTOTRANSPORTE CON IMU Y CARGADOR DE BATERIA-TRES JUEGOS DE PIEZAS MECANICAS-UNA BATERIA LI LON- DOS MOTORES ENGRANADO CON CODIFICADORES- UN MOTOR DC CON CODIFICADORES-UN SERVOMOTOR-UN CABLE USB-DOS MARCADORES DE PIZARRA-DOS RUEDAS-1 LLAVE ALLEN-UNA WEBCAM-UNA ROSCA DE NYLON-UNA CAJA DE HERRAMIENTAS DE PLASTICO-UNA LICENCIA INDIVIDUAL DE UN AÑO PARA MATLAB Y SIMULINK-UNA PLATAFORMA DE E-LEARNING.,REV2,2 nombres; 1 modelos; revisar si deben separarse
categoria_pendiente,EQ-0745,,KIT ENGINEER REV2 ARDUINO-MODELO:REV2-INCLUYE: UN NANO 33 LOT-UN NANO AUTOTRANSPORTE CON IMU Y CARGADOR DE BATERIA-TRES JUEGOS DE PIEZAS MECANICAS-UNA BATERIA LI LON- DOS MOTORES ENGRANADO CON CODIFICADORES- UN MOTOR DC CON CODIFICADORES-UN SERVOMOTOR-UN CABLE USB-DOS MARCADORES DE PIZARRA-DOS RUEDAS-1 LLAVE ALLEN-UNA WEBCAM-UNA ROSCA DE NYLON-UNA CAJA DE HERRAMIENTAS DE PLASTICO-UNA LICENCIA INDIVIDUAL DE UN AÑO PARA MATLAB Y SIMULINK-UNA PLATAFORMA DE E-LEARNING.,REV2,pendiente
categoria_pendiente,EQ-0746,,EQUIPO DE MEDICION DE RELACION DE TRANSFORMACION EN TRANSFORMADORES AEMC-MODELO:CHAUVIN ARNOUX DTR 8510-SERIE:155970WGDV.INCLUYE:KIT DE PRUEBA DE RESISTENCIA A TIERRA DE 4 PUNTOS-KIT DE PRUEBA 500 PIES DE 4 PUNTOS-BOLSA DE TRANSPORTE-2 CABLES 500 PIES CODIFI. X COLORES EN CARRETES(ROJO/AZUL)-2 CABLES 100 PIES CODIFI. X COLORES(VERDE/NEGRO)-1 CABLE 30 PIES VERDE-2 CABLES CODIFI. X COLOR 5 PIES(ROJO/AZUL)-4 ELECTRODOS-1 JGO.5 OREJETAS-CINTA METR.100 PIES-JGO.2 VARRILL,CHAUVIN ARNOUX DTR 8510,pendiente
categoria_pendiente,EQ-0750,,DIMENSIONES LARGO DE CADENA 6.69M ESPESOR DE ESLABON 7MM,POL-3,pendiente
categoria_pendiente,EQ-0752,,ALICATE UNIVERSAL 8 PULGADAS-MARCA COMANDO-COLOR VERDE Y NEGRO,S/M,pendiente
categoria_pendiente,EQ-0753,,cAJA PARA HERRAMIENTAS METALICA-MEDIDAS 37 X 16 X 17 CM-ACERO REFORZADO-MARCA BP-COLOR AZUL,S/M,pendiente
categoria_pendiente,EQ-0754,,CINTURON PORTA HERRAMIENTAS-CINTUR N AJUSTABLE: 50 MM X 150 CM-MARCA CUMBRE-COLOR NEGRO-POLIESTER,S/M,pendiente
categoria_pendiente,EQ-0755,,COMBO CABEZA DE 3 LB MANGO DE MADERA-MARCA HERRAGRO-COLOR METAL-METAL Y MADERA,S/M,pendiente
categoria_pendiente,EQ-0756,,COMBO CABEZA DE 8 LB-CON MANGO DE MADERA MARCA HERRAGRO- OLOR METAL- METAL Y MADERA,S/M,pendiente
categoria_pendiente,EQ-0757,,FLEXOMETRO 5 METROS-MARCA GIANT- COLOR NEGRO AMARILLO-PLASTICO-7 CM,S/M,pendiente
categoria_pendiente,EQ-0758,,JUEGO DE BROCAS 16 PIEZAS-MARCA TRUPER-ESTUCHE NARANJA-METAL PLASTICO -16 X 15 CM,S/M,pendiente
categoria_pendiente,EQ-0759,,LINTERNA LED RECARGABLE DE 300 LUMENES- MARCA BESTVALUE-COLOR NEGRO-PLASTICO-14CM,S/M,pendiente
categoria_pendiente,EQ-0760,,LLAVE INGLESA 10 PULGADAS-MARCA COMANDO-COLOR CROMADO-ACERO-10 PULGADAS,S/M,pendiente
categoria_pendiente,EQ-0761,,LLAVE DE TUBO 10 PULGADAS-MARCA BP-COLOR AZUL-HIERRO,S/M,pendiente
categoria_pendiente,EQ-0762,,MARCO DE ALTA TENSION REGULABLE DE 8-10Y12 PULGADAS -MARCA STANLEY- CROMADO Y NEGRO-METAL GOMA,S/M,pendiente
categoria_pendiente,EQ-0763,,PISTOLA PARA SILICONA-PARA CARTUCHOS DE 280 ML Y 300 ML-MARCA TRUPER-COLOR NARANJA-METAL-37CM,S/M,pendiente
categoria_pendiente,EQ-0764,,PLAYO DE PRESION-CABEZA: ACERO INOXIDABLELARGO: 10 PULGADAS-MARCA COMANDO - COLOR CROMADO,S/M,pendiente
categoria_pendiente,EQ-0765,,PLAYO GRANDE-MARCA COMANDO- COLOR VERDE-METAL- 10 PULGADAS,S/M,pendiente
categoria_pendiente,EQ-0766,,PONCHADORA DE CABLE DE RED-DIMENSIONES: 8 PULGADAS-MARCA STANLEY - COLOR NEGRO Y AMARILLO-METAL PLASTICO,S/M,pendiente
categoria_pendiente,EQ-0767,,SILLA ESTUDIANTIL ESTRUCTURA METALICA Y ASIENTO Y ESPALDAR POLIPROPILENO.- COLOR NEGRO,S/M,pendiente
categoria_pendiente,EQ-0768,,MESA PUPITRE ESTRUCTURA METALICA Y TABLERO MELAMINA .- DIMENSIONES: 50 CM X 80 CM X 70.5 CM .- COLOR: TABLERO BLANCO Y ESTRUCTURA GRIS,S/M,pendiente
categoria_pendiente,EQ-0772,,OSCILOSCOPIO / SERIE: DS1ZE274M0086 / MODELO: DS SERIES / MARCA: RIGOL,DS SERIES,pendiente
categoria_pendiente,EQ-0773,,OSCILOSCOPIO / SERIE: DS1ZA274M00276 / MODELO: DS SERIES / MARCA: RIGOL,DS SERIES,pendiente
categoria_pendiente,EQ-0774,,OSCILOSCOPIO / SERIE: DS1ZA274M00277 / MODELO: DS SERIES / MARCA: RIGOL,DS SERIES,pendiente
categoria_pendiente,EQ-0775,,OSCILOSCOPIO / SERIE: DS1ZA274M00272 / MODELO: DS SERIES / MARCA: RIGOL,DS SERIES,pendiente
categoria_pendiente,EQ-0780,,CAMARA TERMICA/ MARCA: AEMC/ MODELO 1954/ SERIE: 4XAA/IECLR6,MODEL 1954,pendiente
categoria_pendiente,EQ-0781,,PANTALLA INTERACTIVA DE 86 PULGADAS.-MODELO:DS-D5286A4-1V0S.-MARCA:SEELINKIN.-SERIE:QM202511W029.-INCLUYE CONTROL REMOTO-2 LAPICES -CABLE HDMI-VGA-USB Y SOPORTE,DS-D5286A4-1V0S,pendiente
categoria_pendiente,EQ-0782,,PANTALLA INTERACTIVA DE 86 PULGADAS.-MODELO:DS-D5286A4-1V0S.-MARCA:SEELINKIN.-SERIEQM202511W098.-INCLUYE CONTROL REMOTO-2 LAPICES -CABLE HDMI-VGA-USB Y SOPORTE,DS-D5286A4-1V0S,pendiente
categoria_pendiente,EQ-0783,,PANTALLA INTERACTIVA DE 86 PULGADAS.-MODELO:DS-D5286A4-1V0S.-MARCA:SEELINKIN.-SERIE:QM202511W099.-INCLUYE CONTROL REMOTO-2 LAPICES -CABLE HDMI-VGA-USB Y SOPORTE,DS-D5286A4-1V0S,pendiente
unidad_nueva_asignada_grupo_existente,EQ-0199,2593291,SILLA GIRATORIA SEMIEJECUTIVA CON BRAZOS,SILLA GIRATORIA SEMIEJECUTIVA CON BRAZOS,firma_oficial_exacta
modelo_faltante,EQ-0536,2684862,PROYECTOR EPSON POWERLITE S18+,,Fila XLS 25
unidad_nueva_asignada_grupo_existente,EQ-0029,3183545,PICKIT 3,PICKIT 3,firma_oficial_exacta
modelo_faltante,EQ-0337,10963865,CILINDRO DE NITROGENO 6M3,,Fila XLS 131
modelo_faltante,EQ-0109,11048093,EXTINTOR DE 20 LBS POLVO QUIMICO SECO,,Fila XLS 132
unidad_nueva_asignada_grupo_existente,EQ-0104,27747111,SUPRESOR DE PICOS MARCA NIPPON AMERICA MODELO 14-514 DE 6 TOMAS,LGF6-15-03,nombre_oficial_exacto
unidad_nueva_asignada_grupo_existente,EQ-0643,28273219,SILLA DE CONFERENCIA ALTA REF.S 313,377307,nombre_oficial_exacto
fila_excluida,,TOTALES:,,,Fila XLS 1427: Fila no inventariable
