item_code,name,stock_total,suggested_category,matched_old_item,matched_old_name,similarity,confidence,approved_category
EQ-0668,TELEFONO CISCO MODELO 6921,1,BIEN INSTITUCIONAL,EQ-0032,PIEZA DE CONEXI N MODELO V,0.364,baja,BIEN INSTITUCIONAL
EQ-0669,SILLA SIN BRAZOS TAPIZADA EN CUERINA NEGRA,20,BIENES SUJETOS A CONTROL,EQ-0196,BIENES SUJETOS A CONTROL/SILLA/ESTATICA/SILLA ESTRUCTURA METALICA SIN BRAZOS ESPALDAR PLASTICO Y ASIENTO TAPIZADO EN DAMASCO AZUL,0.295,baja,BIENES SUJETOS A CONTROL
EQ-0670,MESA INTELIGENTE CON SET SOCKETS DE CONSOLA DE ADMINISTRACION DE EQUIPOS DE COMUNICACIONES DIMENSIONES 2.10M X 60CM X 75CM,7,MUEBLES DE OFICINA,EQ-0631,MUEBLES DE OFICINA/MESA DE REUNION/MELAMINICO/MESA DE REUNIONES TABLERO MELAMINICO COLOR GRIS DE 160CM X 90CM,0.305,baja,MUEBLES DE OFICINA
EQ-0672,SILLA ESTRUCTURA DE TUBO CUADRADO ASIENTO Y ESPALDAR FORRADO CON TAPIZ NEGRO,1,MUEBLES DE OFICINA,EQ-0645,MUEBLES DE OFICINA/SILLA/ESTATICA/SILLA ESTRUCTURA DE TUBO CUADRADO ASIENTO Y ESPALDAR FORRADO CON COROSIL COLOR NEGRO,0.709,media,MUEBLES DE OFICINA
EQ-0673,SILLA GIRATORIA ACTIVA ESTRUCTURA METALICA Y PLASTICA ASIENTO Y ESPALDAR TAPIZADO EN YUTE VERDE 5 RUEDAS GARRUCHAS,1,MUEBLES DE OFICINA,EQ-0646,MUEBLES DE OFICINA/SILLON/GIRATORIO/SILLON EJECUTIVO ESPALDAR BAJO ESTRUCTURA METALICA Y PLASTICA ASIENTO Y ESPALDAR TAPIZADO EN YUTE NEGRO SISTEMA A GAS 5 RUEDAS GARRUCHAS,0.651,baja,MUEBLES DE OFICINA
EQ-0677,SILLA ESTRUCTURA DE TUBO CUADRADO DE 1 ASIENTO Y ESPALDAR FORRADO CON COROSIL NEGRO,1,MUEBLES DE OFICINA,EQ-0645,MUEBLES DE OFICINA/SILLA/ESTATICA/SILLA ESTRUCTURA DE TUBO CUADRADO ASIENTO Y ESPALDAR FORRADO CON COROSIL COLOR NEGRO,0.752,media,MUEBLES DE OFICINA
EQ-0678,SILLA SIN CODERAS ASIENTO Y ESPALDAR TAPIZADOS EN DAMASCO AZUL CON PORTA LIBROS EN LA PARTE INFERIOR,1,BIENES SUJETOS A CONTROL,EQ-0196,BIENES SUJETOS A CONTROL/SILLA/ESTATICA/SILLA ESTRUCTURA METALICA SIN BRAZOS ESPALDAR PLASTICO Y ASIENTO TAPIZADO EN DAMASCO AZUL,0.375,baja,BIENES SUJETOS A CONTROL
EQ-0679,SILLA APILABLE ESTRUCTURA METALICA CON CODERAS ASIENTO Y ESPALDAR TAPIZADOS EN DAMASCO COLOR VERDE,1,MUEBLES DE OFICINA,EQ-0645,MUEBLES DE OFICINA/SILLA/ESTATICA/SILLA ESTRUCTURA DE TUBO CUADRADO ASIENTO Y ESPALDAR FORRADO CON COROSIL COLOR NEGRO,0.504,baja,MUEBLES DE OFICINA
EQ-0680,SILLA ESTRUCTURA DE TUBO CUADRADO ASIENTO Y ESPALDAR FORRADO CON TAPIZ NEGRO,1,MUEBLES DE OFICINA,EQ-0645,MUEBLES DE OFICINA/SILLA/ESTATICA/SILLA ESTRUCTURA DE TUBO CUADRADO ASIENTO Y ESPALDAR FORRADO CON COROSIL COLOR NEGRO,0.709,media,MUEBLES DE OFICINA
EQ-0681,SILLA ESTRUCTURA DE TUBO CUADRADO ASIENTO Y ESPALDAR FORRADO CON TAPIZ NEGRO,1,MUEBLES DE OFICINA,EQ-0645,MUEBLES DE OFICINA/SILLA/ESTATICA/SILLA ESTRUCTURA DE TUBO CUADRADO ASIENTO Y ESPALDAR FORRADO CON COROSIL COLOR NEGRO,0.709,media,MUEBLES DE OFICINA
EQ-0682,SILLA ESTRUCTURA DE TUBO CUADRADO ASIENTO Y ESPALDAR FORRADO CON TAPIZ NEGRO,1,MUEBLES DE OFICINA,EQ-0645,MUEBLES DE OFICINA/SILLA/ESTATICA/SILLA ESTRUCTURA DE TUBO CUADRADO ASIENTO Y ESPALDAR FORRADO CON COROSIL COLOR NEGRO,0.709,media,MUEBLES DE OFICINA
EQ-0683,SILLA ALTA RECLINABLE EJECUTIVA CON BRAZOSBASE DE CINCO PUNTAS CON GARRUCHAS SISTEMA A GAS PARA REGULACION DE ALTURA ASIENTO Y ESPALDAR TAPIZADO EN CUERINA NEGRA 11,1,MUEBLES DE OFICINA,EQ-0646,MUEBLES DE OFICINA/SILLON/GIRATORIO/SILLON EJECUTIVO ESPALDAR BAJO ESTRUCTURA METALICA Y PLASTICA ASIENTO Y ESPALDAR TAPIZADO EN YUTE NEGRO SISTEMA A GAS 5 RUEDAS GARRUCHAS,0.396,baja,MUEBLES DE OFICINA
EQ-0684,UPS 550VA MARCA APC MODELO BE550G LM SERIE NO 4B1217P40957,1,BIENES SUJETOS A CONTROL,EQ-0211,BIENES SUJETOS A CONTROL/UPS/UPS 550VA MARCA APC MODELO BE550G LM,0.555,baja,BIENES SUJETOS A CONTROL
EQ-0705,SILLA ESTRUCTURA METALICA GRIS ASIENTO Y ESPALDAR TAPIZADOS EN TELA AZUL,1,BIENES SUJETOS A CONTROL,EQ-0196,BIENES SUJETOS A CONTROL/SILLA/ESTATICA/SILLA ESTRUCTURA METALICA SIN BRAZOS ESPALDAR PLASTICO Y ASIENTO TAPIZADO EN DAMASCO AZUL,0.508,baja,BIENES SUJETOS A CONTROL
EQ-0706,SILLA ESTRUCTURA METALICA GRIS ASIENTO Y ESPALDAR TAPIZADOS EN TELA AZUL,1,BIENES SUJETOS A CONTROL,EQ-0196,BIENES SUJETOS A CONTROL/SILLA/ESTATICA/SILLA ESTRUCTURA METALICA SIN BRAZOS ESPALDAR PLASTICO Y ASIENTO TAPIZADO EN DAMASCO AZUL,0.508,baja,BIENES SUJETOS A CONTROL
EQ-0707,SILLA ESTRUCTURA METALICA GRIS ASIENTO Y ESPALDAR TAPIZADOS EN TELA AZUL,1,BIENES SUJETOS A CONTROL,EQ-0196,BIENES SUJETOS A CONTROL/SILLA/ESTATICA/SILLA ESTRUCTURA METALICA SIN BRAZOS ESPALDAR PLASTICO Y ASIENTO TAPIZADO EN DAMASCO AZUL,0.508,baja,BIENES SUJETOS A CONTROL
EQ-0708,MODULO RECTANGULAR CON PEDESTALES METALICOS TUBULARES CON REGULADORES DE PISO DE: 70 CM X 50 CM X 72 CM DE ALTO,1,MUEBLES DE OFICINA,EQ-0630,MUEBLES DE OFICINA/MESA DE COMPUTADORA/MESAS ESPECIALES PARA COMPUTADORA TABLERO FORMICADO COLOR GRIS CON 2 TABLEROS PARA TECLADO 2 BASES DE C P U 3 PASACABLES DE 230 CM X 60CM X 74CM,0.325,baja,MUEBLES DE OFICINA
EQ-0709,MODULO RECTANGULAR CON PEDESTALES METALICOS TUBULARES CON REGULADORES DE PISO DE: 70 CM X 50 CM X 72 CM DE ALTO,1,MUEBLES DE OFICINA,EQ-0630,MUEBLES DE OFICINA/MESA DE COMPUTADORA/MESAS ESPECIALES PARA COMPUTADORA TABLERO FORMICADO COLOR GRIS CON 2 TABLEROS PARA TECLADO 2 BASES DE C P U 3 PASACABLES DE 230 CM X 60CM X 74CM,0.325,baja,MUEBLES DE OFICINA
EQ-0710,MODULO RECTANGULAR CON PEDESTALES METALICOS TUBULARES CON REGULADORES DE PISO DE: 70 CM X 50 CM X 72 CM DE ALTO,1,MUEBLES DE OFICINA,EQ-0630,MUEBLES DE OFICINA/MESA DE COMPUTADORA/MESAS ESPECIALES PARA COMPUTADORA TABLERO FORMICADO COLOR GRIS CON 2 TABLEROS PARA TECLADO 2 BASES DE C P U 3 PASACABLES DE 230 CM X 60CM X 74CM,0.325,baja,MUEBLES DE OFICINA
EQ-0711,MODULO RECTANGULAR CON PEDESTALES METALICOS TUBULARES CON REGULADORES DE PISO DE: 70 CM X 50 CM X 72 CM DE ALTO,1,MUEBLES DE OFICINA,EQ-0630,MUEBLES DE OFICINA/MESA DE COMPUTADORA/MESAS ESPECIALES PARA COMPUTADORA TABLERO FORMICADO COLOR GRIS CON 2 TABLEROS PARA TECLADO 2 BASES DE C P U 3 PASACABLES DE 230 CM X 60CM X 74CM,0.325,baja,MUEBLES DE OFICINA
EQ-0712,SILLA ESTRUCTURA DE TUBO CUADRADO DE 1 CON ASIENTO Y ESPALDAR DE MADERA CONTRACHAPADA DE 15MM.TAPIZADO CON EXPANDIBLE NEGRO,1,BIENES SUJETOS A CONTROL,EQ-0192,BIENES SUJETOS A CONTROL/PUPITRE/MIXTO/PUPITRE ESTRUCTURA DE TUBO CUADRADO DE 1 CON ASIENTO Y ESPALDAR DE MADERA CONTRACHAPADA DE 12 MM CON TABLERO LAMINA DE TOOL 1/16,0.586,baja,BIENES SUJETOS A CONTROL
EQ-0713,SILLA ESTRUCTURA DE TUBO CUADRADO DE 1 CON ASIENTO Y ESPALDAR DE MADERA CONTRACHAPADA DE 15MM.TAPIZADO CON EXPANDIBLE NEGRO,1,BIENES SUJETOS A CONTROL,EQ-0192,BIENES SUJETOS A CONTROL/PUPITRE/MIXTO/PUPITRE ESTRUCTURA DE TUBO CUADRADO DE 1 CON ASIENTO Y ESPALDAR DE MADERA CONTRACHAPADA DE 12 MM CON TABLERO LAMINA DE TOOL 1/16,0.586,baja,BIENES SUJETOS A CONTROL
EQ-0714,MESA ESTRUCTURA METALICA TABLERO DE FORMICA DE:120X60 CM.,1,MUEBLES DE OFICINA,EQ-0635,MUEBLES DE OFICINA/MESA RECTANGULAR/METAL/MESA ESTRUCTURA DE HIERRO CON TABLERO DE MADERA FORRADA CON FORMICA DE 246X72X75 CM,0.461,baja,MUEBLES DE OFICINA
EQ-0715,MESA ESTRUCTURA METALICA TABLERO DE FORMICA DE:120X60 CM.,1,MUEBLES DE OFICINA,EQ-0635,MUEBLES DE OFICINA/MESA RECTANGULAR/METAL/MESA ESTRUCTURA DE HIERRO CON TABLERO DE MADERA FORRADA CON FORMICA DE 246X72X75 CM,0.461,baja,MUEBLES DE OFICINA
EQ-0716,MESA ESTRUCTURA METALICA TABLERO DE FORMICA DE:120X60 CM.,1,MUEBLES DE OFICINA,EQ-0635,MUEBLES DE OFICINA/MESA RECTANGULAR/METAL/MESA ESTRUCTURA DE HIERRO CON TABLERO DE MADERA FORRADA CON FORMICA DE 246X72X75 CM,0.461,baja,MUEBLES DE OFICINA
EQ-0717,MESA ESTRUCTURA METALICA TABLERO DE FORMICA DE:120X60 CM.,1,MUEBLES DE OFICINA,EQ-0635,MUEBLES DE OFICINA/MESA RECTANGULAR/METAL/MESA ESTRUCTURA DE HIERRO CON TABLERO DE MADERA FORRADA CON FORMICA DE 246X72X75 CM,0.461,baja,MUEBLES DE OFICINA
EQ-0718,MESA ESTRUCTURA METALICA TABLERO DE FORMICA DE:120X60 CM.,1,MUEBLES DE OFICINA,EQ-0635,MUEBLES DE OFICINA/MESA RECTANGULAR/METAL/MESA ESTRUCTURA DE HIERRO CON TABLERO DE MADERA FORRADA CON FORMICA DE 246X72X75 CM,0.461,baja,MUEBLES DE OFICINA
EQ-0719,MESA ESTRUCTURA METALICA TABLERO DE FORMICA DE:120X60 CM.,1,MUEBLES DE OFICINA,EQ-0635,MUEBLES DE OFICINA/MESA RECTANGULAR/METAL/MESA ESTRUCTURA DE HIERRO CON TABLERO DE MADERA FORRADA CON FORMICA DE 246X72X75 CM,0.461,baja,MUEBLES DE OFICINA
EQ-0723,MODULO DE EXPANSION 2 ENTRADAS ANALOGICAS MARCA SIEMENS SERIE SZVT7ML000339,1,EQUIPO ELECTRONICO,EQ-0264,EQUIPO ELECTRONICO/MODULO/MODULO DE COMUNICACION PROFIBUS MARCA SIEMENS 6SE6400-1PB00-0AA0 SERIE XAT112-001084,0.401,baja,EQUIPO ELECTRONICO
EQ-0724,MODULO DE EXPANSION DIGITAL 2 ENTRADAS ANALOGICAS MARCA SIEMENS SERIE C-R7,1,TERMOMETRO,EQ-0528,TERMOMETRO/TERMOMETRO DIGITAL PORTATIL MARCA KOBOLD- SERIE NO 203240,0.375,baja,TERMOMETRO
EQ-0725,MODULO AM2 MARCA SIEMENS SERIE C-R4A76196,1,BIEN INSTITUCIONAL,EQ-0480,PANEL PARA VARIADOR DE VELOCIDAD MARCA SIEMENS MICROMATES 4- SERIE NO XAU222-002851,0.368,baja,BIEN INSTITUCIONAL
EQ-0727,COMPUTADOR PORTATIL LENOVO THINKPAD L430 PROCESADOR INTEL CORE I5-3210M (2 50 GHZ) 4GB DE MEMORIA RAM DDR3 INCLUYE MALETIN CANDADO Y MOUSE MARCA KLIP,1,EQUIPO ELECTRONICO,EQ-0228,EQUIPO ELECTRONICO/CPU/CPU CON PROCESADOR INTEL CORE I3 DE 3 1GHZ 2 GB DE MEMORIA RAM DISCO DURO DE 500GB CON UNIDAD DE DVD WRITER 5,0.397,baja,EQUIPO ELECTRONICO
EQ-0728,FUENTE DE PODER MARCA QUAD POWER MODELO XP-581 N DE SERIE 222442,1,EQUIPO ELECTRONICO,EQ-0242,EQUIPO ELECTRONICO/FUENTE DE PODER/FUENTE DE PODER MARCA QUAD POWER MODELO XP-581 N SERIE 222505,0.728,media,EQUIPO ELECTRONICO
EQ-0729,"PINZA AMPERIMETRICA MARCA AARON, MODELO 3266TD",12,BIEN INSTITUCIONAL,EQ-0030,PIEZA DE BASE PARA APOYO DIRECTO MODELO F (S),0.350,baja,BIEN INSTITUCIONAL
EQ-0730,FUENTE DE PODER SIEMENS-MODELO:6EP3332-6SB00-0AY0,4,EQUIPO ELECTRONICO,EQ-0243,EQUIPO ELECTRONICO/FUENTE DE PODER/FUENTE DE PODER SIN MARCA SIN MODELO CON N DE SERIE 019667,0.390,baja,EQUIPO ELECTRONICO
EQ-0731,PROYECTOR MULTIMEDIA DE DISTANCIA ULTRA CORTA CON SOPORTE DE PARED MARCA OPTOMA MODELO W330UST SERIEQ7C6948WAAAAB0001,1,EQUIPO ELECTRONICO,EQ-0292,EQUIPO ELECTRONICO/TARJETAS/TARJETA DE ADQUISICION DE DATOS/TARJETA MARCA ALTERA DES SERIE S0297WF080300030010,0.338,baja,EQUIPO ELECTRONICO
EQ-0732,PROYECTOR MULTIMEDIA DE DISTANCIA ULTRA CORTA CON SOPORTE DE PARED MARCA OPTOMA MODELO W330UST SERIEQ7C6948WAAAAB0121,1,EQUIPO ELECTRONICO,EQ-0243,EQUIPO ELECTRONICO/FUENTE DE PODER/FUENTE DE PODER SIN MARCA SIN MODELO CON N DE SERIE 019667,0.336,baja,EQUIPO ELECTRONICO
EQ-0733,PROYECTOR MULTIMEDIA DE DISTANCIA ULTRA CORTA CON SOPORTE DE PARED MARCA OPTOMA MODELO W330UST SERIEQ7C6948WAAAAB0302,1,EQUIPO ELECTRONICO,EQ-0296,EQUIPO ELECTRONICO/TARJETAS/TARJETA DE ADQUISICION DE DATOS/TARJETA MARCA ALTERA DES SERIE S0297WF080300030202,0.338,baja,EQUIPO ELECTRONICO
EQ-0734,PROYECTOR MULTIMEDIA DE DISTANCIA ULTRA CORTA CON SOPORTE DE PARED MARCA OPTOMA MODELO W330UST SERIEQ7C6948WAAAAB0123,1,EQUIPO ELECTRONICO,EQ-0243,EQUIPO ELECTRONICO/FUENTE DE PODER/FUENTE DE PODER SIN MARCA SIN MODELO CON N DE SERIE 019667,0.336,baja,EQUIPO ELECTRONICO
EQ-0735,PROYECTOR MULTIMEDIA DE DISTANCIA ULTRA CORTA CON SOPORTE DE PARED MARCA OPTOMA MODELO W330UST SERIEQ7C6948WAAAAB0022,1,EQUIPO ELECTRONICO,EQ-0296,EQUIPO ELECTRONICO/TARJETAS/TARJETA DE ADQUISICION DE DATOS/TARJETA MARCA ALTERA DES SERIE S0297WF080300030202,0.338,baja,EQUIPO ELECTRONICO
EQ-0736,PROYECTOR MULTIMEDIA DE DISTANCIA ULTRA CORTA CON SOPORTE DE PARED MARCA OPTOMA MODELO W330UST SERIEQ7C6948WAAAAB0134,1,EQUIPO ELECTRONICO,EQ-0243,EQUIPO ELECTRONICO/FUENTE DE PODER/FUENTE DE PODER SIN MARCA SIN MODELO CON N DE SERIE 019667,0.336,baja,EQUIPO ELECTRONICO
EQ-0737,PROYECTOR MULTIMEDIA DE DISTANCIA ULTRA CORTA CON SOPORTE DE PARED MARCA OPTOMA MODELO W330UST SERIEQ7C6948WAAAAB0042,1,EQUIPO ELECTRONICO,EQ-0293,EQUIPO ELECTRONICO/TARJETAS/TARJETA DE ADQUISICION DE DATOS/TARJETA MARCA ALTERA DES SERIE S0297WF080300030054,0.333,baja,EQUIPO ELECTRONICO
EQ-0740,LAPTOP CON PROCESADOR CORE I7 1.8 GHZ MEMORIA 8GB DISCO SSD 512GB PANTALLA 14 INCLUYE MOCHILA MOUSE CANDADO ADAPTADOR HDMI A VGA,1,EQUIPO ELECTRONICO,EQ-0228,EQUIPO ELECTRONICO/CPU/CPU CON PROCESADOR INTEL CORE I3 DE 3 1GHZ 2 GB DE MEMORIA RAM DISCO DURO DE 500GB CON UNIDAD DE DVD WRITER 5,0.359,baja,EQUIPO ELECTRONICO
EQ-0741,GENERADOR DE OZONO WSTA-MODELO:X002810JH9,1,EQUIPO ELECTRONICO,EQ-0479,MOTOR GENERADOR DE CD N 28-150,0.412,baja,EQUIPO ELECTRONICO
EQ-0742,"REBAJADORA CNC ROUTER(FRESADO, GRABADO) WEGSRT-MODELO:2021-SERIE:163134",1,EQUIPO ELECTRONICO,EQ-0494,GENERADOR DE FUNCIONES CON RANGO DE FRECUENCIA-DE O 2HZ A 2MHZ-MARCA BK PRECISION-MODELO 3011B-SERIE 147-29483,0.339,baja,EQUIPO ELECTRONICO
EQ-0743,EQUIPO SOLDADOR(ESTACIÓN DE SOLDADURA DE COMPONENTES ELECTRÓNICOS)YIHUA-MODELO: 948-II- SERIE: 4YHAI12489.,1,UNIDAD ENCENDIDO ELECTRICO,EQ-0530,UNIDAD ENCENDIDO ELECTRICO/BOLA DE ENCENDIDO ELECTRONICO-MODELO EZK NO 911 644,0.350,baja,UNIDAD ENCENDIDO ELECTRICO
EQ-0744,IMPRESORA 3D DE GRAN FORMATO CREALITY-MODELO:CR-10 MAX- SERIE: S0000000000000142421001010300,1,BIENES SUJETOS A CONTROL,EQ-0116,BIENES SUJETOS A CONTROL/IMPRESORA/IMPRESORA LASER MARCA SAMSUNG MODELO ML 2010 XAA SERIE 3A61BKDP310829M,0.326,baja,BIENES SUJETOS A CONTROL
EQ-0745,KIT ENGINEER REV2 ARDUINO-MODELO:REV2-INCLUYE: UN NANO 33 LOT-UN NANO AUTOTRANSPORTE CON IMU Y CARGADOR DE BATERIA-TRES JUEGOS DE PIEZAS MECANICAS-UNA BATERIA LI LON- DOS MOTORES ENGRANADO CON CODIFICADORES- UN MOTOR DC CON CODIFICADORES-UN SERVOMOTOR-UN CABLE USB-DOS MARCADORES DE PIZARRA-DOS RUEDAS-1 LLAVE ALLEN-UNA WEBCAM-UNA ROSCA DE NYLON-UNA CAJA DE HERRAMIENTAS DE PLASTICO-UNA LICENCIA INDIVIDUAL DE UN AÑO PARA MATLAB Y SIMULINK-UNA PLATAFORMA DE E-LEARNING.,2,BIEN INSTITUCIONAL,EQ-0456,EQUIPO ELECTRONICO DIDACTICO PARA EL CONTROL DE VELOCIDAD DE UN MOTOR DE INDUCCION BASADO EN EL SISTEMA RECUPERADOR DE ENERGIA DE DESLIZAMIENTO-COMPUESTO DE 9 MODULOS,0.183,baja,BIEN INSTITUCIONAL
EQ-0746,EQUIPO DE MEDICION DE RELACION DE TRANSFORMACION EN TRANSFORMADORES AEMC-MODELO:CHAUVIN ARNOUX DTR 8510-SERIE:155970WGDV.INCLUYE:KIT DE PRUEBA DE RESISTENCIA A TIERRA DE 4 PUNTOS-KIT DE PRUEBA 500 PIES DE 4 PUNTOS-BOLSA DE TRANSPORTE-2 CABLES 500 PIES CODIFI. X COLORES EN CARRETES(ROJO/AZUL)-2 CABLES 100 PIES CODIFI. X COLORES(VERDE/NEGRO)-1 CABLE 30 PIES VERDE-2 CABLES CODIFI. X COLOR 5 PIES(ROJO/AZUL)-4 ELECTRODOS-1 JGO.5 OREJETAS-CINTA METR.100 PIES-JGO.2 VARRILL,1,EQUIPOS DE OFICINA Y ADMINISTRACION,EQ-0542,EQUIPOS DE OFICINA Y ADMINISTRACION/PROYECTOR/PROYECTOR SONY- MODELO VPL-CS6- SERIE 44706- CONTROL REMOTO MARCA SONY- MODELO RM-PJM12- EN MALETIN NEGRO DE TELA,0.208,baja,EQUIPOS DE OFICINA Y ADMINISTRACION
EQ-0750,DIMENSIONES LARGO DE CADENA 6.69M ESPESOR DE ESLABON 7MM,1,BIENES SUJETOS A CONTROL,EQ-0118,BIENES SUJETOS A CONTROL/JUEGO DE LLAVES/JUEGO DE LLAVES EXAGONALES MILLERS,0.308,baja,BIENES SUJETOS A CONTROL
EQ-0752,ALICATE UNIVERSAL 8 PULGADAS-MARCA COMANDO-COLOR VERDE Y NEGRO,1,MUEBLES DE OFICINA,EQ-0627,MUEBLES DE OFICINA/FRANELOGRAFO/FRANELOGRAFO EN MADERA CONTRACHAPADA DE 9 MM FORRADO CON PANO COLOR VERDE DE 150X80 CM,0.296,baja,MUEBLES DE OFICINA
EQ-0753,cAJA PARA HERRAMIENTAS METALICA-MEDIDAS 37 X 16 X 17 CM-ACERO REFORZADO-MARCA BP-COLOR AZUL,1,MUEBLES DE OFICINA,EQ-0628,MUEBLES DE OFICINA/LAMPARA/DE EXTERIORES/LAMPARA DE SENALIZACION COLOR ROJO 120V CON CAJA METALICA DE 10X8X7 CM CON DOS BORNES DE CONEXION,0.298,baja,MUEBLES DE OFICINA
EQ-0754,CINTURON PORTA HERRAMIENTAS-CINTUR N AJUSTABLE: 50 MM X 150 CM-MARCA CUMBRE-COLOR NEGRO-POLIESTER,1,HERRAMIENTAS MENORES,EQ-0580,HERRAMIENTAS MENORES/CONDENSADOR/CONDENSADOR AJUSTABLE MONOFASICO-TRIFASICO-DL-2021,0.301,baja,HERRAMIENTAS MENORES
EQ-0755,COMBO CABEZA DE 3 LB MANGO DE MADERA-MARCA HERRAGRO-COLOR METAL-METAL Y MADERA,1,MUEBLES DE OFICINA,EQ-0627,MUEBLES DE OFICINA/FRANELOGRAFO/FRANELOGRAFO EN MADERA CONTRACHAPADA DE 9 MM FORRADO CON PANO COLOR VERDE DE 150X80 CM,0.314,baja,MUEBLES DE OFICINA
EQ-0756,COMBO CABEZA DE 8 LB-CON MANGO DE MADERA MARCA HERRAGRO- OLOR METAL- METAL Y MADERA,1,EQUIPO PARA ENSENANZA DE ELECTRONICA,EQ-0484,EQUIPO PARA ENSENANZA DE ELECTRONICA/LABORATORIO DE ELECTRONICA MARCA NATIONAL INSTRUMENTS NI ELVIS-SERIE NO 12A5AE2,0.312,baja,EQUIPO PARA ENSENANZA DE ELECTRONICA
EQ-0757,FLEXOMETRO 5 METROS-MARCA GIANT- COLOR NEGRO AMARILLO-PLASTICO-7 CM,1,AMPERIMETRO,EQ-0339,AMPERIMETRO/AMPERIMETRO DE TENAZA AMPERCLAMP ITALIANO ICE-ESCALA DE 2 5 A 500-EN ESTUCHE DE PLASTICO,0.297,baja,AMPERIMETRO
EQ-0758,JUEGO DE BROCAS 16 PIEZAS-MARCA TRUPER-ESTUCHE NARANJA-METAL PLASTICO -16 X 15 CM,1,BIENES SUJETOS A CONTROL,EQ-0183,BIENES SUJETOS A CONTROL/PERSIANA/PERSIANA VERTICAL PLASTICA COLOR BEIGE DE 142 CM X 160 CM (5),0.348,baja,BIENES SUJETOS A CONTROL
EQ-0759,LINTERNA LED RECARGABLE DE 300 LUMENES- MARCA BESTVALUE-COLOR NEGRO-PLASTICO-14CM,1,EQUIPO ELECTRONICO,EQ-0496,GENERADOR DE FUNCIONES MARCA TEKTRONICS- SERIE NO C035453,0.326,baja,EQUIPO ELECTRONICO
EQ-0760,LLAVE INGLESA 10 PULGADAS-MARCA COMANDO-COLOR CROMADO-ACERO-10 PULGADAS,1,BIENES SUJETOS A CONTROL,EQ-0190,BIENES SUJETOS A CONTROL/PORTA /CPU/PORTA CPU METALICO COLOR PLOMO CON GARRUCHAS,0.304,baja,BIENES SUJETOS A CONTROL
EQ-0761,LLAVE DE TUBO 10 PULGADAS-MARCA BP-COLOR AZUL-HIERRO,1,EQUIPO ELECTRONICO,EQ-0285,EQUIPO ELECTRONICO/MONITOR/MONITOR DE 19PULGADAS MARCA HP MODELO LE1901W 1,0.348,baja,EQUIPO ELECTRONICO
EQ-0762,MARCO DE ALTA TENSION REGULABLE DE 8-10Y12 PULGADAS -MARCA STANLEY- CROMADO Y NEGRO-METAL GOMA,2,EQUIPOS DE OFICINA Y ADMINISTRACION,EQ-0540,EQUIPOS DE OFICINA Y ADMINISTRACION/PROYECTOR/PROYECTOR DE VIDEO Y DATOS MARCA LG- DLP- MODELO DS125- SERIE 708DTQZ00404,0.294,baja,EQUIPOS DE OFICINA Y ADMINISTRACION
EQ-0763,PISTOLA PARA SILICONA-PARA CARTUCHOS DE 280 ML Y 300 ML-MARCA TRUPER-COLOR NARANJA-METAL-37CM,1,KIT PARA INSTALACION DE COMUNICACIONES,EQ-0571,KIT PARA INSTALACION DE COMUNICACIONES/LAMPARA DE SENALIZACION COLOR ROJO 120V CON CAJA METALICA DE 10X8X7 CM CON DOS BORNES DE CONEXION,0.302,baja,KIT PARA INSTALACION DE COMUNICACIONES
EQ-0764,PLAYO DE PRESION-CABEZA: ACERO INOXIDABLELARGO: 10 PULGADAS-MARCA COMANDO - COLOR CROMADO,3,MUEBLES DE OFICINA,EQ-0627,MUEBLES DE OFICINA/FRANELOGRAFO/FRANELOGRAFO EN MADERA CONTRACHAPADA DE 9 MM FORRADO CON PANO COLOR VERDE DE 150X80 CM,0.289,baja,MUEBLES DE OFICINA
EQ-0765,PLAYO GRANDE-MARCA COMANDO- COLOR VERDE-METAL- 10 PULGADAS,3,PUPITRE,EQ-0653,PUPITRE/METAL/PUPITRE METALICO PINTADO AL SOPLETE EN COLOR VERDE,0.341,baja,PUPITRE
EQ-0766,PONCHADORA DE CABLE DE RED-DIMENSIONES: 8 PULGADAS-MARCA STANLEY - COLOR NEGRO Y AMARILLO-METAL PLASTICO,1,EQUIPO ELECTRONICO,EQ-0243,EQUIPO ELECTRONICO/FUENTE DE PODER/FUENTE DE PODER SIN MARCA SIN MODELO CON N DE SERIE 019667,0.296,baja,EQUIPO ELECTRONICO
EQ-0767,SILLA ESTUDIANTIL ESTRUCTURA METALICA Y ASIENTO Y ESPALDAR POLIPROPILENO.- COLOR NEGRO,63,MUEBLES DE OFICINA,EQ-0645,MUEBLES DE OFICINA/SILLA/ESTATICA/SILLA ESTRUCTURA DE TUBO CUADRADO ASIENTO Y ESPALDAR FORRADO CON COROSIL COLOR NEGRO,0.554,baja,MUEBLES DE OFICINA
EQ-0768,MESA PUPITRE ESTRUCTURA METALICA Y TABLERO MELAMINA .- DIMENSIONES: 50 CM X 80 CM X 70.5 CM .- COLOR: TABLERO BLANCO Y ESTRUCTURA GRIS,63,MUEBLES DE OFICINA,EQ-0623,MUEBLES DE OFICINA/ESTACION DE TRABAJO/MIXTO/ESTACION DE TRABAJO TABLERO MELAMINICO COLOR GRIS DE 18OCM X 170CM TABLERO CORREDIZO PARA TECLADO 2 GAVETAS Y ARCHIVADOR,0.327,baja,MUEBLES DE OFICINA
EQ-0772,OSCILOSCOPIO / SERIE: DS1ZE274M0086 / MODELO: DS SERIES / MARCA: RIGOL,1,EQUIPOS MEDICO QUIRURGICOS,EQ-0559,EQUIPOS MEDICO QUIRURGICOS/OSCILOSCOPIO/INGRESO MEDIANTE ACTA NO 199 OSILOSCOPIO DIGITAL 100MHZ SERIE SN 023506908 MODELO HMO 1202 SERIES MARCA ROHDE&SCHWARZ,0.356,baja,EQUIPOS MEDICO QUIRURGICOS
EQ-0773,OSCILOSCOPIO / SERIE: DS1ZA274M00276 / MODELO: DS SERIES / MARCA: RIGOL,1,EQUIPOS MEDICO QUIRURGICOS,EQ-0558,EQUIPOS MEDICO QUIRURGICOS/OSCILOSCOPIO/INGRESO MEDIANTE ACTA NO 199 OSILOSCOPIO DIGITAL 100MHZ SERIE SN 023506907 MODELO HMO 1202 SERIES MARCA ROHDE&SCHWARZ,0.349,baja,EQUIPOS MEDICO QUIRURGICOS
EQ-0774,OSCILOSCOPIO / SERIE: DS1ZA274M00277 / MODELO: DS SERIES / MARCA: RIGOL,1,EQUIPOS MEDICO QUIRURGICOS,EQ-0558,EQUIPOS MEDICO QUIRURGICOS/OSCILOSCOPIO/INGRESO MEDIANTE ACTA NO 199 OSILOSCOPIO DIGITAL 100MHZ SERIE SN 023506907 MODELO HMO 1202 SERIES MARCA ROHDE&SCHWARZ,0.349,baja,EQUIPOS MEDICO QUIRURGICOS
EQ-0775,OSCILOSCOPIO / SERIE: DS1ZA274M00272 / MODELO: DS SERIES / MARCA: RIGOL,1,EQUIPOS MEDICO QUIRURGICOS,EQ-0558,EQUIPOS MEDICO QUIRURGICOS/OSCILOSCOPIO/INGRESO MEDIANTE ACTA NO 199 OSILOSCOPIO DIGITAL 100MHZ SERIE SN 023506907 MODELO HMO 1202 SERIES MARCA ROHDE&SCHWARZ,0.349,baja,EQUIPOS MEDICO QUIRURGICOS
EQ-0780,CAMARA TERMICA/ MARCA: AEMC/ MODELO 1954/ SERIE: 4XAA/IECLR6,1,BIEN INSTITUCIONAL,EQ-0480,PANEL PARA VARIADOR DE VELOCIDAD MARCA SIEMENS MICROMATES 4- SERIE NO XAU222-002851,0.348,baja,BIEN INSTITUCIONAL
EQ-0781,PANTALLA INTERACTIVA DE 86 PULGADAS.-MODELO:DS-D5286A4-1V0S.-MARCA:SEELINKIN.-SERIE:QM202511W029.-INCLUYE CONTROL REMOTO-2 LAPICES -CABLE HDMI-VGA-USB Y SOPORTE,1,EQUIPOS DE OFICINA Y ADMINISTRACION,EQ-0537,EQUIPOS DE OFICINA Y ADMINISTRACION/PROYECTOR/PROYECTOR DE DATOS Y VIDEO INFOCUS LP 540- SERIE ALSN43900595- CON CONTROL REMOTO RM-PJ2- EN MALETIN NEGRO DE NYLON,0.284,baja,EQUIPOS DE OFICINA Y ADMINISTRACION
EQ-0782,PANTALLA INTERACTIVA DE 86 PULGADAS.-MODELO:DS-D5286A4-1V0S.-MARCA:SEELINKIN.-SERIEQM202511W098.-INCLUYE CONTROL REMOTO-2 LAPICES -CABLE HDMI-VGA-USB Y SOPORTE,1,EQUIPOS DE OFICINA Y ADMINISTRACION,EQ-0537,EQUIPOS DE OFICINA Y ADMINISTRACION/PROYECTOR/PROYECTOR DE DATOS Y VIDEO INFOCUS LP 540- SERIE ALSN43900595- CON CONTROL REMOTO RM-PJ2- EN MALETIN NEGRO DE NYLON,0.272,baja,EQUIPOS DE OFICINA Y ADMINISTRACION
EQ-0783,PANTALLA INTERACTIVA DE 86 PULGADAS.-MODELO:DS-D5286A4-1V0S.-MARCA:SEELINKIN.-SERIE:QM202511W099.-INCLUYE CONTROL REMOTO-2 LAPICES -CABLE HDMI-VGA-USB Y SOPORTE,1,EQUIPOS DE OFICINA Y ADMINISTRACION,EQ-0537,EQUIPOS DE OFICINA Y ADMINISTRACION/PROYECTOR/PROYECTOR DE DATOS Y VIDEO INFOCUS LP 540- SERIE ALSN43900595- CON CONTROL REMOTO RM-PJ2- EN MALETIN NEGRO DE NYLON,0.284,baja,EQUIPOS DE OFICINA Y ADMINISTRACION
